{
  "menu": [
    {
      "title": "Premium",
      "id": "drawer_main_premium",
      "icon": "<svg xmlns=\"http://www.w3.org/2000/svg\" class=\"fill-current text-green-400 h-5 w-5\" viewBox=\"0 0 20 20\" fill=\"currentColor\">\n  <path fill-rule=\"evenodd\" d=\"M6.267 3.455a3.066 3.066 0 001.745-.723 3.066 3.066 0 013.976 0 3.066 3.066 0 001.745.723 3.066 3.066 0 012.812 2.812c.051.643.304 1.254.723 1.745a3.066 3.066 0 010 3.976 3.066 3.066 0 00-.723 1.745 3.066 3.066 0 01-2.812 2.812 3.066 3.066 0 00-1.745.723 3.066 3.066 0 01-3.976 0 3.066 3.066 0 00-1.745-.723 3.066 3.066 0 01-2.812-2.812 3.066 3.066 0 00-.723-1.745 3.066 3.066 0 010-3.976 3.066 3.066 0 00.723-1.745 3.066 3.066 0 012.812-2.812zm7.44 5.252a1 1 0 00-1.414-1.414L9 10.586 7.707 9.293a1 1 0 00-1.414 1.414l2 2a1 1 0 001.414 0l4-4z\" clip-rule=\"evenodd\" />\n</svg>",
      "color": "text-green-400",
      "to": "/products/premium"
    },
    {
      "title": "Modded OS",
      "id": "drawer_main_modded_os",
      "icon": "<svg xmlns=\"http://www.w3.org/2000/svg\" class=\"fill-current text-purple-400 h-5 w-5\" viewBox=\"0 0 20 20\" fill=\"currentColor\">\n  <path d=\"M13 7H7v6h6V7z\" />\n  <path fill-rule=\"evenodd\" d=\"M7 2a1 1 0 012 0v1h2V2a1 1 0 112 0v1h2a2 2 0 012 2v2h1a1 1 0 110 2h-1v2h1a1 1 0 110 2h-1v2a2 2 0 01-2 2h-2v1a1 1 0 11-2 0v-1H9v1a1 1 0 11-2 0v-1H5a2 2 0 01-2-2v-2H2a1 1 0 110-2h1V9H2a1 1 0 010-2h1V5a2 2 0 012-2h2V2zM5 5h10v10H5V5z\" clip-rule=\"evenodd\" />\n</svg>",
      "color": "text-purple-400",
      "to": "/products/modded-os"
    },
    {
      "title": "Documentation",
      "id": "drawer_main_docs",
      "icon": "<svg xmlns=\"http://www.w3.org/2000/svg\" class=\"fill-current text-primary-400 h-5 w-5\" viewBox=\"0 0 20 20\" fill=\"currentColor\">\n  <path d=\"M9 4.804A7.968 7.968 0 005.5 4c-1.255 0-2.443.29-3.5.804v10A7.969 7.969 0 015.5 14c1.669 0 3.218.51 4.5 1.385A7.962 7.962 0 0114.5 14c1.255 0 2.443.29 3.5.804v-10A7.968 7.968 0 0014.5 4c-1.255 0-2.443.29-3.5.804V12a1 1 0 11-2 0V4.804z\" />\n</svg>",
      "color": "text-primary-400",
      "to": "https://docs.andronix.app"
    },
    {
      "title": "Pricing",
      "id": "drawer_main_pricing",
      "icon": "<svg xmlns=\"http://www.w3.org/2000/svg\" class=\"fill-current text-teal-400 h-5 w-5\" viewBox=\"0 0 20 20\" fill=\"currentColor\">\n  <path d=\"M4 4a2 2 0 00-2 2v1h16V6a2 2 0 00-2-2H4z\" />\n  <path fill-rule=\"evenodd\" d=\"M18 9H2v5a2 2 0 002 2h12a2 2 0 002-2V9zM4 13a1 1 0 011-1h1a1 1 0 110 2H5a1 1 0 01-1-1zm5-1a1 1 0 100 2h1a1 1 0 100-2H9z\" clip-rule=\"evenodd\" />\n</svg>",
      "color": "text-teal-400",
      "to": "/pricing"
    },
    {
      "title": "Get Help",
      "id": "drawer_main_help",
      "icon": "<svg xmlns=\"http://www.w3.org/2000/svg\" class=\"fill-current text-blue-400 h-5 w-5\" viewBox=\"0 0 20 20\" fill=\"currentColor\">\n  <path fill-rule=\"evenodd\" d=\"M18 10a8 8 0 11-16 0 8 8 0 0116 0zm-2 0c0 .993-.241 1.929-.668 2.754l-1.524-1.525a3.997 3.997 0 00.078-2.183l1.562-1.562C15.802 8.249 16 9.1 16 10zm-5.165 3.913l1.58 1.58A5.98 5.98 0 0110 16a5.976 5.976 0 01-2.516-.552l1.562-1.562a4.006 4.006 0 001.789.027zm-4.677-2.796a4.002 4.002 0 01-.041-2.08l-.08.08-1.53-1.533A5.98 5.98 0 004 10c0 .954.223 1.856.619 2.657l1.54-1.54zm1.088-6.45A5.974 5.974 0 0110 4c.954 0 1.856.223 2.657.619l-1.54 1.54a4.002 4.002 0 00-2.346.033L7.246 4.668zM12 10a2 2 0 11-4 0 2 2 0 014 0z\" clip-rule=\"evenodd\" />\n</svg>",
      "color": "text-blue-400",
      "to": "/help"
    },
    {
      "title": "Andronix Commands",
      "id": "drawer_main_command",
      "icon": "<svg xmlns=\"http://www.w3.org/2000/svg\" class=\"fill-current text-indigo-400 h-5 w-5\" viewBox=\"0 0 20 20\" fill=\"currentColor\">\n  <path fill-rule=\"evenodd\" d=\"M2 5a2 2 0 012-2h12a2 2 0 012 2v10a2 2 0 01-2 2H4a2 2 0 01-2-2V5zm3.293 1.293a1 1 0 011.414 0l3 3a1 1 0 010 1.414l-3 3a1 1 0 01-1.414-1.414L7.586 10 5.293 7.707a1 1 0 010-1.414zM11 12a1 1 0 100 2h3a1 1 0 100-2h-3z\" clip-rule=\"evenodd\" />\n</svg>",
      "color": "text-indigo-400",
      "to": "/products/commands"
    },
    {
      "title": "About Us",
      "id": "drawer_main_about",
      "icon": "<svg xmlns=\"http://www.w3.org/2000/svg\" class=\"fill-current text-pink-400 h-5 w-5\" viewBox=\"0 0 20 20\" fill=\"currentColor\">\n  <path d=\"M9 6a3 3 0 11-6 0 3 3 0 016 0zM17 6a3 3 0 11-6 0 3 3 0 016 0zM12.93 17c.046-.327.07-.66.07-1a6.97 6.97 0 00-1.5-4.33A5 5 0 0119 16v1h-6.07zM6 11a5 5 0 015 5v1H1v-1a5 5 0 015-5z\" />\n</svg>",
      "color": "text-pink-400",
      "to": "/about"
    },
    {
      "title": "Contact Us",
      "id": "drawer_main_contact",
      "icon": "<svg xmlns=\"http://www.w3.org/2000/svg\" class=\"fill-current text-cyan-400 h-5 w-5\" viewBox=\"0 0 20 20\" fill=\"currentColor\"><path fill-rule=\"evenodd\" d=\"M18 10a8 8 0 11-16 0 8 8 0 0116 0zm-7-4a1 1 0 11-2 0 1 1 0 012 0zM9 9a1 1 0 000 2v3a1 1 0 001 1h1a1 1 0 100-2v-3a1 1 0 00-1-1H9z\" clip-rule=\"evenodd\"/></svg>",
      "color": "text-cyan-400",
      "to": "/contact"
    }
  ]
}
