{
  "steps": [
    {
      "title": "Copy",
      "sub_title": "Just copy and paste a command from Andronix into Termux.",
      "icon": "<svg class=\"text-white fill-current w-8\" xmlns=\"http://www.w3.org/2000/svg\" viewBox=\"0 0 20 20\" fill=\"currentColor\"><path fill-rule=\"evenodd\" d=\"M2 5a2 2 0 012-2h12a2 2 0 012 2v10a2 2 0 01-2 2H4a2 2 0 01-2-2V5zm3.293 1.293a1 1 0 011.414 0l3 3a1 1 0 010 1.414l-3 3a1 1 0 01-1.414-1.414L7.586 10 5.293 7.707a1 1 0 010-1.414zM11 12a1 1 0 100 2h3a1 1 0 100-2h-3z\" clip-rule=\"evenodd\"/></svg>",
      "color": "bg-red-400",
      "step": 1
    },
    {
      "title": "Configure",
      "sub_title": "Wait for the download to complete & setup the distro.",
      "icon": "<svg class=\"text-white fill-current w-8\" xmlns=\"http://www.w3.org/2000/svg\" viewBox=\"0 0 20 20\" fill=\"currentColor\"><path fill-rule=\"evenodd\" d=\"M11.49 3.17c-.38-1.56-2.6-1.56-2.98 0a1.532 1.532 0 01-2.286.948c-1.372-.836-2.942.734-2.106 2.106.54.886.061 2.042-.947 2.287-1.561.379-1.561 2.6 0 2.978a1.532 1.532 0 01.947 2.287c-.836 1.372.734 2.942 2.106 2.106a1.532 1.532 0 012.287.947c.379 1.561 2.6 1.561 2.978 0a1.533 1.533 0 012.287-.947c1.372.836 2.942-.734 2.106-2.106a1.533 1.533 0 01.947-2.287c1.561-.379 1.561-2.6 0-2.978a1.532 1.532 0 01-.947-2.287c.836-1.372-.734-2.942-2.106-2.106a1.532 1.532 0 01-2.287-.947zM10 13a3 3 0 100-6 3 3 0 000 6z\" clip-rule=\"evenodd\"/></svg>",
      "color": "bg-pink-400",
      "step": 2
    },
    {
      "title": "Connect",
      "sub_title": "Connect any display to the VNC server running on your phone.",
      "icon": "<svg class=\"text-white fill-current w-8\" xmlns=\"http://www.w3.org/2000/svg\" viewBox=\"0 0 20 20\" fill=\"currentColor\"><path fill-rule=\"evenodd\" d=\"M3 5a2 2 0 012-2h10a2 2 0 012 2v8a2 2 0 01-2 2h-2.22l.123.489.804.804A1 1 0 0113 18H7a1 1 0 01-.707-1.707l.804-.804L7.22 15H5a2 2 0 01-2-2V5zm5.771 7H5V5h10v7H8.771z\" clip-rule=\"evenodd\"/></svg>",
      "color": "bg-indigo-400",
      "step": 3
    },
    {
      "title": "Done!",
      "sub_title": "Enjoy your distro on any screen you like within your network!",
      "icon": "<svg class=\"text-white fill-current w-8\" xmlns=\"http://www.w3.org/2000/svg\" viewBox=\"0 0 20 20\" fill=\"currentColor\"><path fill-rule=\"evenodd\" d=\"M6.267 3.455a3.066 3.066 0 001.745-.723 3.066 3.066 0 013.976 0 3.066 3.066 0 001.745.723 3.066 3.066 0 012.812 2.812c.051.643.304 1.254.723 1.745a3.066 3.066 0 010 3.976 3.066 3.066 0 00-.723 1.745 3.066 3.066 0 01-2.812 2.812 3.066 3.066 0 00-1.745.723 3.066 3.066 0 01-3.976 0 3.066 3.066 0 00-1.745-.723 3.066 3.066 0 01-2.812-2.812 3.066 3.066 0 00-.723-1.745 3.066 3.066 0 010-3.976 3.066 3.066 0 00.723-1.745 3.066 3.066 0 012.812-2.812zm7.44 5.252a1 1 0 00-1.414-1.414L9 10.586 7.707 9.293a1 1 0 00-1.414 1.414l2 2a1 1 0 001.414 0l4-4z\" clip-rule=\"evenodd\"/></svg>",
      "color": "bg-green-400",
      "step": 4
    }
  ]
}
