{
  "platforms": [
    {
      "param": "Email",
      "value": "Reach out to us at support@andronix.app",
      "icon": "<svg xmlns=\"http://www.w3.org/2000/svg\" class=\"fill-current text-blue-400 h-5 w-5\" viewBox=\"0 0 20 20\" fill=\"currentColor\">\n  <path fill-rule=\"evenodd\" d=\"M14.243 5.757a6 6 0 10-.986 9.284 1 1 0 111.087 1.678A8 8 0 1118 10a3 3 0 01-4.8 2.401A4 4 0 1114 10a1 1 0 102 0c0-1.537-.586-3.07-1.757-4.243zM12 10a2 2 0 10-4 0 2 2 0 004 0z\" clip-rule=\"evenodd\" />\n</svg>",
      "color": "bg-blue-400",
      "link": "mailto:support@andronix.app",
      "ctaText": "Reach out!"
    },
    {
      "param": "Discord",
      "value": "Get help from our 8500+ community members.",
      "icon": "<svg xmlns=\"http://www.w3.org/2000/svg\" class=\"fill-current text-green-400 h-5 w-5\" viewBox=\"0 0 20 20\" fill=\"currentColor\">\n  <path fill-rule=\"evenodd\" d=\"M18 5v8a2 2 0 01-2 2h-5l-5 4v-4H4a2 2 0 01-2-2V5a2 2 0 012-2h12a2 2 0 012 2zM7 8H5v2h2V8zm2 0h2v2H9V8zm6 0h-2v2h2V8z\" clip-rule=\"evenodd\" />\n</svg>",
      "color": "bg-green-400",
      "link": "https://chat.andronix.app",
      "ctaText": "Chat with us!"
    }
  ]
}
