{
  "metadata": [
    {
      "param": "Offline",
      "value": "10,000 +",
      "icon": "<svg class=\"fill-current text-primary-400 w-6 md:w-8\" xmlns=\"http://www.w3.org/2000/svg\" viewBox=\"0 0 20 20\" fill=\"currentColor\"><path fill-rule=\"evenodd\" d=\"M3 17a1 1 0 011-1h12a1 1 0 110 2H4a1 1 0 01-1-1zm3.293-7.707a1 1 0 011.414 0L9 10.586V3a1 1 0 112 0v7.586l1.293-1.293a1 1 0 111.414 1.414l-3 3a1 1 0 01-1.414 0l-3-3a1 1 0 010-1.414z\" clip-rule=\"evenodd\"/></svg>",
      "color": "text-primary-400"
    },
    {
      "param": "Purchases",
      "value": "40,000 +",
      "icon": "<svg class=\"fill-current text-blue-400 w-6 md:w-8\" xmlns=\"http://www.w3.org/2000/svg\" viewBox=\"0 0 20 20\" fill=\"currentColor\"><path fill-rule=\"evenodd\" d=\"M10 2a4 4 0 00-4 4v1H5a1 1 0 00-.994.89l-1 9A1 1 0 004 18h12a1 1 0 00.994-1.11l-1-9A1 1 0 0015 7h-1V6a4 4 0 00-4-4zm2 5V6a2 2 0 10-4 0v1h4zm-6 3a1 1 0 112 0 1 1 0 01-2 0zm7-1a1 1 0 100 2 1 1 0 000-2z\" clip-rule=\"evenodd\"/></svg>",
      "color": "text-blue-400"
    },
    {
      "param": "Commands",
      "value": "7500+ Users",
      "icon": "<svg class=\"fill-current text-purple-400 w-6 md:w-8\" xmlns=\"http://www.w3.org/2000/svg\" viewBox=\"0 0 20 20\" fill=\"currentColor\">\n  <path fill-rule=\"evenodd\" d=\"M2 5a2 2 0 012-2h12a2 2 0 012 2v10a2 2 0 01-2 2H4a2 2 0 01-2-2V5zm3.293 1.293a1 1 0 011.414 0l3 3a1 1 0 010 1.414l-3 3a1 1 0 01-1.414-1.414L7.586 10 5.293 7.707a1 1 0 010-1.414zM11 12a1 1 0 100 2h3a1 1 0 100-2h-3z\" clip-rule=\"evenodd\" />\n</svg>",
      "color": "text-purple-400"
    },
    {
      "param": "Community",
      "value": "35000 +",
      "icon": "<svg class=\"fill-current text-green-400 w-6 md:w-8\" xmlns=\"http://www.w3.org/2000/svg\" viewBox=\"0 0 20 20\" fill=\"currentColor\"><path d=\"M13 6a3 3 0 11-6 0 3 3 0 016 0zm5 2a2 2 0 11-4 0 2 2 0 014 0zm-4 7a4 4 0 00-8 0v3h8v-3zM6 8a2 2 0 11-4 0 2 2 0 014 0zm10 10v-3a5.972 5.972 0 00-.75-2.906A3.005 3.005 0 0119 15v3h-3zM4.75 12.094A5.973 5.973 0 004 15v3H1v-3a3 3 0 013.75-2.906z\"/></svg>",
      "color": "text-green-400"
    }
  ]
}
