{
  "dev": [
    {
      "name": "Prakhar Shukla",
      "position": "Developer",
      "quote": "I work on developing the Android app, the backend, the web related stuff, app pipelines and testing.",
      "photo_url": "https://i.ibb.co/hVVMj3F/prakhar-avataar.png"
    },
    {
      "name": "Anurag Verma",
      "position": "Linux Backend",
      "quote": "I work on porting the Linux distributions, installation process, testing and support management.",
      "photo_url": "https://i.ibb.co/BCTHfFq/anu-avatar.png"
    }
  ],
  "support": [
    {
      "name": "@Kaan",
      "position": "Discord Chief Moderator",
      "quote": "I'm the moderator at the Andronix Discord server, where you'll see a small but friendly and helpful community willing to assist you.",
      "photo_url": "https://i.ibb.co/KK3YPZd/avatar.png"
    },
    {
      "name": "@./start-blendy.sh",
      "position": "Discord",
      "quote": "Andronix is a must have for any power user of their android device, it can replace the now defunct Linux on Dex.",
      "photo_url": "https://cdn.discordapp.com/avatars/386375356866887680/100de051e2f188661fba52e5c64a1341.png"
    }
  ],
  "specials": [
    {
      "name": "Dylan",
      "position": "Super Member",
      "quote": "Lorem ipsum dolor sit amet, consectetur adipisicing elit. Consequuntur eveniet ipsum iure libero magni nisi!",
      "photo_url": "https://avataaars.io/?avatarStyle=Circle&topType=ShortHairDreads01&accessoriesType=Round&hairColor=Red&facialHairType=BeardMedium&facialHairColor=Auburn&clotheType=CollarSweater&clotheColor=PastelRed&eyeType=Squint&eyebrowType=RaisedExcitedNatural&mouthType=Grimace&skinColor=Black"
    },
    {
      "name": "Node",
      "position": "Discord Support",
      "quote": "Lorem ipsum dolor sit amet, consectetur adipisicing elit. Consequuntur eveniet ipsum iure libero magni nisi!",
      "photo_url": "https://avataaars.io/?avatarStyle=Circle&topType=LongHairStraightStrand&accessoriesType=Prescription01&hatColor=PastelGreen&hairColor=Brown&facialHairType=BeardMagestic&facialHairColor=Red&clotheType=GraphicShirt&clotheColor=Blue01&graphicType=Skull&eyeType=Wink&eyebrowType=UnibrowNatural&mouthType=Disbelief&skinColor=Brown"
    }
  ]
}
