{
  "features": [
    {
      "title": "Android App",
      "sub_title": "Andronix Commands is well integrated within the official Andronix App.",
      "icon": "<svg class=\"w-10 text-primary-400 stroke-current\" xmlns=\"http://www.w3.org/2000/svg\" fill=\"none\" viewBox=\"0 0 24 24\" stroke=\"currentColor\">\n  <path stroke-linecap=\"round\" stroke-linejoin=\"round\" stroke-width=\"2\" d=\"M12 18h.01M8 21h8a2 2 0 002-2V5a2 2 0 00-2-2H8a2 2 0 00-2 2v14a2 2 0 002 2z\" />\n</svg>",
      "color": "bg-primary-400"
    },
    {
      "title": "Web App",
      "sub_title": "Use Andronix Commands on any machine within your favourite browser.",
      "icon": "<svg class=\"w-10 stroke-current text-blue-400\" xmlns=\"http://www.w3.org/2000/svg\" fill=\"none\" viewBox=\"0 0 24 24\" stroke=\"currentColor\">\n  <path stroke-linecap=\"round\" stroke-linejoin=\"round\" stroke-width=\"2\" d=\"M21 12a9 9 0 01-9 9m9-9a9 9 0 00-9-9m9 9H3m9 9a9 9 0 01-9-9m9 9c1.657 0 3-4.03 3-9s-1.343-9-3-9m0 18c-1.657 0-3-4.03-3-9s1.343-9 3-9m-9 9a9 9 0 019-9\" />\n</svg>",
      "color": "bg-blue-400"
    },
    {
      "title": "CLI",
      "sub_title": "Terminal person? Get your commands all color-coded with the Andronix Commands CLI.",
      "icon": "<svg class=\"w-10  stroke-current text-purple-400\" xmlns=\"http://www.w3.org/2000/svg\" fill=\"none\" viewBox=\"0 0 24 24\" stroke=\"currentColor\">\n  <path stroke-linecap=\"round\" stroke-linejoin=\"round\" stroke-width=\"2\" d=\"M8 9l3 3-3 3m5 0h3M5 20h14a2 2 0 002-2V6a2 2 0 00-2-2H5a2 2 0 00-2 2v12a2 2 0 002 2z\" />\n</svg>",
      "color": "bg-purple-400"
    }
  ]
}
