{
  "features": [
    {
      "title": "Optimized",
      "sub_title": "We optimize Modded OS to run smoothly on Android devices.",
      "icon": "<svg class=\"w-10 stroke-current text-primary-400\" xmlns=\"http://www.w3.org/2000/svg\" fill=\"none\" viewBox=\"0 0 24 24\" stroke=\"currentColor\"><path stroke-linecap=\"round\" stroke-linejoin=\"round\" stroke-width=\"2\" d=\"M9 3v2m6-2v2M9 19v2m6-2v2M5 9H3m2 6H3m18-6h-2m2 6h-2M7 19h10a2 2 0 002-2V7a2 2 0 00-2-2H7a2 2 0 00-2 2v10a2 2 0 002 2zM9 9h6v6H9V9z\"/></svg>",
      "color": "bg-primary-400"
    },
    {
      "title": "Do More, Worry Less",
      "sub_title": "These distributions are pre-confirgured and just work out of the box.",
      "icon": "<svg class=\"w-10 stroke-current text-blue-400\" xmlns=\"http://www.w3.org/2000/svg\" fill=\"none\" viewBox=\"0 0 24 24\" stroke=\"currentColor\"><path stroke-linecap=\"round\" stroke-linejoin=\"round\" stroke-width=\"2\" d=\"M21 13.255A23.931 23.931 0 0112 15c-3.183 0-6.22-.62-9-1.745M16 6V4a2 2 0 00-2-2h-4a2 2 0 00-2 2v2m4 6h.01M5 20h14a2 2 0 002-2V8a2 2 0 00-2-2H5a2 2 0 00-2 2v10a2 2 0 002 2z\"/></svg>",
      "color": "bg-blue-400"
    },
    {
      "title": "Pre-install Software",
      "sub_title": "Modded OS ships with software like VS Code, Chromium, Firefox etc.",
      "icon": "<svg class=\"w-10 stroke-current text-purple-400\" xmlns=\"http://www.w3.org/2000/svg\" fill=\"none\" viewBox=\"0 0 24 24\" stroke=\"currentColor\"><path stroke-linecap=\"round\" stroke-linejoin=\"round\" stroke-width=\"2\" d=\"M7 16a4 4 0 01-.88-7.903A5 5 0 1115.9 6h.1a5 5 0 011 9.9M9 19l3 3m0 0l3-3m-3 3V10\"/></svg>",
      "color": "bg-purple-400"
    },
    {
      "title": "Made Pretty",
      "sub_title": "Modded OS are pre-themed with cherry-picked themes and icons to look beautiful.",
      "icon": "<svg class=\"w-10 stroke-current text-green-400\" xmlns=\"http://www.w3.org/2000/svg\" fill=\"none\" viewBox=\"0 0 24 24\" stroke=\"currentColor\"><path stroke-linecap=\"round\" stroke-linejoin=\"round\" stroke-width=\"2\" d=\"M12 6V4m0 2a2 2 0 100 4m0-4a2 2 0 110 4m-6 8a2 2 0 100-4m0 4a2 2 0 110-4m0 4v2m0-6V4m6 6v10m6-2a2 2 0 100-4m0 4a2 2 0 110-4m0 4v2m0-6V4\"/></svg>",
      "color": "bg-green-400"
    }
  ]
}
