{
  "features": [
    {
      "title": "Discounts",
      "sub_title": "Get up to a whopping 25% discount on purchasing any Modded OS when you're a premium supporter. **",
      "icon": "<svg class=\"w-10 stroke-current text-primary-400\"  xmlns=\"http://www.w3.org/2000/svg\" fill=\"none\" viewBox=\"0 0 24 24\" stroke=\"currentColor\">\n  <path stroke-linecap=\"round\" stroke-linejoin=\"round\" stroke-width=\"2\" d=\"M16 11V7a4 4 0 00-8 0v4M5 9h14l1 12H4L5 9z\" />\n</svg>",
      "color": "bg-primary-400"
    },
    {
      "title": "Andronix Commands",
      "sub_title": "Manage all your terminal commands in one place. You get access to our web-app, the in-app integration and even a CLI.",
      "icon": "<svg class=\"w-10 stroke-current text-blue-400\" xmlns=\"http://www.w3.org/2000/svg\" fill=\"none\" viewBox=\"0 0 24 24\" stroke=\"currentColor\">\n  <path stroke-linecap=\"round\" stroke-linejoin=\"round\" stroke-width=\"2\" d=\"M8 9l3 3-3 3m5 0h3M5 20h14a2 2 0 002-2V6a2 2 0 00-2-2H5a2 2 0 00-2 2v12a2 2 0 002 2z\" />\n</svg>",
      "color": "bg-blue-400"
    },
    {
      "title": "Offline",
      "sub_title": "Download your favourite Linux Distro offline. You can store these locally on your devices.",
      "icon": "<svg class=\"w-10 stroke-current text-purple-400\" xmlns=\"http://www.w3.org/2000/svg\" fill=\"none\" viewBox=\"0 0 24 24\" stroke=\"currentColor\">\n  <path stroke-linecap=\"round\" stroke-linejoin=\"round\" stroke-width=\"2\" d=\"M18.364 5.636a9 9 0 010 12.728m0 0l-2.829-2.829m2.829 2.829L21 21M15.536 8.464a5 5 0 010 7.072m0 0l-2.829-2.829m-4.243 2.829a4.978 4.978 0 01-1.414-2.83m-1.414 5.658a9 9 0 01-2.167-9.238m7.824 2.167a1 1 0 111.414 1.414m-1.414-1.414L3 3m8.293 8.293l1.414 1.414\" />\n</svg>",
      "color": "bg-purple-400"
    },
    {
      "title": "Support Us",
      "sub_title": "You help us sustain the project and constantly update the distribution and the related parts.",
      "icon": "<svg class=\"w-10 stroke-current text-green-400\" xmlns=\"http://www.w3.org/2000/svg\" fill=\"none\" viewBox=\"0 0 24 24\" stroke=\"currentColor\">\n  <path stroke-linecap=\"round\" stroke-linejoin=\"round\" stroke-width=\"2\" d=\"M18.364 5.636l-3.536 3.536m0 5.656l3.536 3.536M9.172 9.172L5.636 5.636m3.536 9.192l-3.536 3.536M21 12a9 9 0 11-18 0 9 9 0 0118 0zm-5 0a4 4 0 11-8 0 4 4 0 018 0z\" />\n</svg>",
      "color": "bg-green-400"
    }
  ]
}
