{
  "modded-os": [
    {
      "name": "Ubuntu XFCE",
      "color_text": "text-primary-400",
      "color_bg": "bg-primary-400",
      "logo_text": "UX",
      "description": "If you're looking for a stable distro with some reasonable customization options which is also the world's most popular distribution, look no further than Ubuntu.",
      "id": "ubuntu_xfce"
    },
    {
      "name": "Debian XFCE",
      "logo_text": "DX",
      "color_text": "text-pink-400",
      "color_bg": "bg-pink-400",
      "description": "Debian Linux is considered one of the most stable Linux distributions out there. Therefore, you can entirely rely on Debian for the stability and performance you might need for your day-to-day tasks.",
      "id": "debian_xfce"
    },
    {
      "name": "Manjaro XFCE",
      "logo_text": "MX",
      "color_text": "text-green-400",
      "color_bg": "bg-green-400",
      "description": "Manjaro is a distribution based on Arch Linux but has a separate official repository that contains more stable packages than Arch Linux's. You can't go wrong with Pacman and Manjaro.",
      "id": "manjaro_xfce"
    },
    {
      "name": "Ubuntu KDE",
      "logo_text": "UK",
      "color_text": "text-blue-400",
      "color_bg": "bg-blue-400",
      "description": "Ubuntu again being one of the reliable distributions of there but the star of the show is the beautiful KDE desktop environment. From smooth animations to just a better UX overall, KDE has got you covered with everything.",
      "id": "ubuntu_kde"
    }
  ]
}
